{
  "version": 1,
  "author": "Giovanni Rozza",
  "editor": "wokwi",
  "parts": [
    { "type": "wokwi-esp32-devkit-v1", "id": "esp", "top": 62.3, "left": -206.6, "attrs": {} },
    {
      "type": "wokwi-led",
      "id": "led1",
      "top": -109.2,
      "left": -236.2,
      "attrs": { "color": "red" }
    },
    {
      "type": "wokwi-resistor",
      "id": "r1",
      "top": 3.4,
      "left": -250.45,
      "rotate": 270,
      "attrs": { "value": "300" }
    },
    {
      "type": "wokwi-hc-sr04",
      "id": "ultrasonic1",
      "top": -36.9,
      "left": 111.1,
      "attrs": { "distance": "400" }
    }
  ],
  "connections": [
    [ "esp:TX0", "$serialMonitor:RX", "", [] ],
    [ "esp:RX0", "$serialMonitor:TX", "", [] ],
    [ "esp:D5", "led1:A", "green", [ "h52.67", "v-120.92", "h-28.8" ] ],
    [ "led1:C", "r1:2", "green", [ "v0" ] ],
    [ "esp:GND.2", "r1:1", "black", [ "h-129.43", "v-73.02" ] ],
    [ "ultrasonic1:VCC", "esp:3V3", "red", [ "v0" ] ],
    [ "ultrasonic1:GND", "esp:GND.1", "black", [ "v0" ] ],
    [ "esp:D2", "ultrasonic1:ECHO", "gray", [ "h0" ] ],
    [ "esp:D4", "ultrasonic1:TRIG", "purple", [ "h297.3", "v-143.9" ] ]
  ],
  "dependencies": {}
}